{
  "Delete character" : {
    "transaction" : "Delete character",
    "sampleCount" : 4068,
    "errorCount" : 2,
    "errorPct" : 0.04916421,
    "meanResTime" : 18.238692232055,
    "medianResTime" : 17.0,
    "minResTime" : 2.0,
    "maxResTime" : 134.0,
    "pct1ResTime" : 26.0,
    "pct2ResTime" : 32.0,
    "pct3ResTime" : 60.0,
    "throughput" : 150.13286093888397,
    "receivedKBytesPerSec" : 36.68135402826986,
    "sentKBytesPerSec" : 31.2134545920062
  },
  "Total" : {
    "transaction" : "Total",
    "sampleCount" : 23427,
    "errorCount" : 3064,
    "errorPct" : 13.078926,
    "meanResTime" : 2513.2335339565416,
    "medianResTime" : 18.0,
    "minResTime" : 2.0,
    "maxResTime" : 28591.0,
    "pct1ResTime" : 13207.400000000023,
    "pct2ResTime" : 19194.9,
    "pct3ResTime" : 25784.850000000024,
    "throughput" : 802.2945205479452,
    "receivedKBytesPerSec" : 442.67715245077056,
    "sentKBytesPerSec" : 126.35615100599315
  },
  "Get hero by id" : {
    "transaction" : "Get hero by id",
    "sampleCount" : 4080,
    "errorCount" : 2,
    "errorPct" : 0.04901961,
    "meanResTime" : 20.905882352941166,
    "medianResTime" : 18.0,
    "minResTime" : 2.0,
    "maxResTime" : 165.0,
    "pct1ResTime" : 35.0,
    "pct2ResTime" : 43.94999999999982,
    "pct3ResTime" : 71.0,
    "throughput" : 150.3925688377751,
    "receivedKBytesPerSec" : 34.689152982048725,
    "sentKBytesPerSec" : 18.643060124774227
  },
  "Update character" : {
    "transaction" : "Update character",
    "sampleCount" : 4071,
    "errorCount" : 3,
    "errorPct" : 0.073691964,
    "meanResTime" : 17.956276099238533,
    "medianResTime" : 17.0,
    "minResTime" : 2.0,
    "maxResTime" : 111.0,
    "pct1ResTime" : 25.0,
    "pct2ResTime" : 31.0,
    "pct3ResTime" : 60.0,
    "throughput" : 150.13276294438708,
    "receivedKBytesPerSec" : 34.71727226314722,
    "sentKBytesPerSec" : 33.98938818409795
  },
  "Get all heroes" : {
    "transaction" : "Get all heroes",
    "sampleCount" : 7130,
    "errorCount" : 3050,
    "errorPct" : 42.777,
    "meanResTime" : 8214.642776998598,
    "medianResTime" : 8572.5,
    "minResTime" : 3.0,
    "maxResTime" : 28591.0,
    "pct1ResTime" : 21413.300000000003,
    "pct2ResTime" : 24237.399999999994,
    "pct3ResTime" : 27146.899999999994,
    "throughput" : 244.17808219178085,
    "receivedKBytesPerSec" : 311.5503933005137,
    "sentKBytesPerSec" : 17.19285102739726
  },
  "Create character" : {
    "transaction" : "Create character",
    "sampleCount" : 4078,
    "errorCount" : 7,
    "errorPct" : 0.17165276,
    "meanResTime" : 18.275625306522745,
    "medianResTime" : 17.0,
    "minResTime" : 2.0,
    "maxResTime" : 147.0,
    "pct1ResTime" : 26.0,
    "pct2ResTime" : 32.0,
    "pct3ResTime" : 61.210000000000036,
    "throughput" : 150.34101382488478,
    "receivedKBytesPerSec" : 35.11549539170507,
    "sentKBytesPerSec" : 33.71003744239631
  }
}