{
  "Delete character" : {
    "transaction" : "Delete character",
    "sampleCount" : 6786,
    "errorCount" : 49,
    "errorPct" : 0.72207487,
    "meanResTime" : 151.9740642499266,
    "medianResTime" : 158.0,
    "minResTime" : 2.0,
    "maxResTime" : 413.0,
    "pct1ResTime" : 208.0,
    "pct2ResTime" : 220.0,
    "pct3ResTime" : 296.2600000000002,
    "throughput" : 211.9896285651807,
    "receivedKBytesPerSec" : 55.1657901775952,
    "sentKBytesPerSec" : 43.77709639850364
  },
  "Total" : {
    "transaction" : "Total",
    "sampleCount" : 35176,
    "errorCount" : 998,
    "errorPct" : 2.8371618,
    "meanResTime" : 864.7501705708455,
    "medianResTime" : 187.0,
    "minResTime" : 0.0,
    "maxResTime" : 31625.0,
    "pct1ResTime" : 232.0,
    "pct2ResTime" : 366.0,
    "pct3ResTime" : 30554.0,
    "throughput" : 1093.6790722258495,
    "receivedKBytesPerSec" : 450.52405180253714,
    "sentKBytesPerSec" : 192.20931879216803
  },
  "Get hero by id" : {
    "transaction" : "Get hero by id",
    "sampleCount" : 6941,
    "errorCount" : 65,
    "errorPct" : 0.9364645,
    "meanResTime" : 155.26221005618848,
    "medianResTime" : 159.0,
    "minResTime" : 0.0,
    "maxResTime" : 620.0,
    "pct1ResTime" : 211.0,
    "pct2ResTime" : 232.0,
    "pct3ResTime" : 359.0,
    "throughput" : 216.2911719796828,
    "receivedKBytesPerSec" : 54.45162901008071,
    "sentKBytesPerSec" : 26.57396641581752
  },
  "Update character" : {
    "transaction" : "Update character",
    "sampleCount" : 6837,
    "errorCount" : 50,
    "errorPct" : 0.7313149,
    "meanResTime" : 151.54497586660804,
    "medianResTime" : 158.0,
    "minResTime" : 2.0,
    "maxResTime" : 414.0,
    "pct1ResTime" : 208.0,
    "pct2ResTime" : 219.0,
    "pct3ResTime" : 297.6199999999999,
    "throughput" : 213.36953468776332,
    "receivedKBytesPerSec" : 52.675646543316795,
    "sentKBytesPerSec" : 47.98800635084106
  },
  "Get all heroes" : {
    "transaction" : "Get all heroes",
    "sampleCount" : 7737,
    "errorCount" : 796,
    "errorPct" : 10.288225,
    "meanResTime" : 3390.5600361897323,
    "medianResTime" : 165.0,
    "minResTime" : 3.0,
    "maxResTime" : 31625.0,
    "pct1ResTime" : 23662.399999999954,
    "pct2ResTime" : 30144.499999999996,
    "pct3ResTime" : 31019.539999999997,
    "throughput" : 240.5559182912042,
    "receivedKBytesPerSec" : 236.94670870837612,
    "sentKBytesPerSec" : 26.56967779358269
  },
  "Create character" : {
    "transaction" : "Create character",
    "sampleCount" : 6875,
    "errorCount" : 38,
    "errorPct" : 0.5527273,
    "meanResTime" : 151.36072727272685,
    "medianResTime" : 158.0,
    "minResTime" : 5.0,
    "maxResTime" : 425.0,
    "pct1ResTime" : 207.0,
    "pct2ResTime" : 218.0,
    "pct3ResTime" : 291.9599999999991,
    "throughput" : 214.27458313853825,
    "receivedKBytesPerSec" : 51.98949689301854,
    "sentKBytesPerSec" : 47.86206317204301
  }
}