{
  "Delete character" : {
    "transaction" : "Delete character",
    "sampleCount" : 8866,
    "errorCount" : 53,
    "errorPct" : 0.5977893,
    "meanResTime" : 117.99413489736034,
    "medianResTime" : 121.0,
    "minResTime" : 3.0,
    "maxResTime" : 503.0,
    "pct1ResTime" : 169.0,
    "pct2ResTime" : 191.0,
    "pct3ResTime" : 299.619999999999,
    "throughput" : 164.98874146305153,
    "receivedKBytesPerSec" : 42.45020161853099,
    "sentKBytesPerSec" : 34.11379220206747
  },
  "Total" : {
    "transaction" : "Total",
    "sampleCount" : 48634,
    "errorCount" : 4027,
    "errorPct" : 8.280215,
    "meanResTime" : 2091.7987210593433,
    "medianResTime" : 81.0,
    "minResTime" : 0.0,
    "maxResTime" : 52908.0,
    "pct1ResTime" : 167.0,
    "pct2ResTime" : 32122.9,
    "pct3ResTime" : 46955.690000000046,
    "throughput" : 900.362855450237,
    "receivedKBytesPerSec" : 569.9938914222175,
    "sentKBytesPerSec" : 149.43026140402844
  },
  "Get hero by id" : {
    "transaction" : "Get hero by id",
    "sampleCount" : 9013,
    "errorCount" : 42,
    "errorPct" : 0.46599355,
    "meanResTime" : 120.5310107622318,
    "medianResTime" : 123.0,
    "minResTime" : 3.0,
    "maxResTime" : 625.0,
    "pct1ResTime" : 176.0,
    "pct2ResTime" : 207.0,
    "pct3ResTime" : 326.0,
    "throughput" : 167.6307028474715,
    "receivedKBytesPerSec" : 40.3266895528391,
    "sentKBytesPerSec" : 20.69325530181152
  },
  "Update character" : {
    "transaction" : "Update character",
    "sampleCount" : 8921,
    "errorCount" : 45,
    "errorPct" : 0.50442773,
    "meanResTime" : 116.64364981504283,
    "medianResTime" : 120.0,
    "minResTime" : 1.0,
    "maxResTime" : 502.0,
    "pct1ResTime" : 168.0,
    "pct2ResTime" : 189.0,
    "pct3ResTime" : 291.68000000000393,
    "throughput" : 165.93813359126506,
    "receivedKBytesPerSec" : 40.07110536099589,
    "sentKBytesPerSec" : 37.40571696955042
  },
  "Get all heroes" : {
    "transaction" : "Get all heroes",
    "sampleCount" : 12869,
    "errorCount" : 3848,
    "errorPct" : 29.901314,
    "meanResTime" : 7577.278576424002,
    "medianResTime" : 144.0,
    "minResTime" : 0.0,
    "maxResTime" : 52908.0,
    "pct1ResTime" : 28513.0,
    "pct2ResTime" : 37536.0,
    "pct3ResTime" : 48398.09999999999,
    "throughput" : 238.2442239336493,
    "receivedKBytesPerSec" : 407.93537302604784,
    "sentKBytesPerSec" : 20.54957529944831
  },
  "Create character" : {
    "transaction" : "Create character",
    "sampleCount" : 8965,
    "errorCount" : 39,
    "errorPct" : 0.4350251,
    "meanResTime" : 116.84116006692717,
    "medianResTime" : 121.0,
    "minResTime" : 2.0,
    "maxResTime" : 508.0,
    "pct1ResTime" : 170.0,
    "pct2ResTime" : 190.0,
    "pct3ResTime" : 278.0,
    "throughput" : 166.7472658284354,
    "receivedKBytesPerSec" : 39.99141865955844,
    "sentKBytesPerSec" : 37.29006921453017
  }
}