{
  "Delete character" : {
    "transaction" : "Delete character",
    "sampleCount" : 2000,
    "errorCount" : 0,
    "errorPct" : 0.0,
    "meanResTime" : 10.835999999999984,
    "medianResTime" : 9.0,
    "minResTime" : 1.0,
    "maxResTime" : 71.0,
    "pct1ResTime" : 14.0,
    "pct2ResTime" : 18.0,
    "pct3ResTime" : 43.0,
    "throughput" : 178.5873738726672,
    "receivedKBytesPerSec" : 43.426031342084116,
    "sentKBytesPerSec" : 37.14756897937316
  },
  "Total" : {
    "transaction" : "Total",
    "sampleCount" : 10000,
    "errorCount" : 0,
    "errorPct" : 0.0,
    "meanResTime" : 596.5500999999979,
    "medianResTime" : 10.0,
    "minResTime" : 1.0,
    "maxResTime" : 10503.0,
    "pct1ResTime" : 92.29999999999745,
    "pct2ResTime" : 5971.699999999993,
    "pct3ResTime" : 9595.98,
    "throughput" : 882.0675663755844,
    "receivedKBytesPerSec" : 214.1020035337832,
    "sentKBytesPerSec" : 159.87474640557468
  },
  "Get hero by id" : {
    "transaction" : "Get hero by id",
    "sampleCount" : 2000,
    "errorCount" : 0,
    "errorPct" : 0.0,
    "meanResTime" : 13.599999999999985,
    "medianResTime" : 10.0,
    "minResTime" : 2.0,
    "maxResTime" : 117.0,
    "pct1ResTime" : 21.0,
    "pct2ResTime" : 25.0,
    "pct3ResTime" : 49.99000000000001,
    "throughput" : 177.87264318747776,
    "receivedKBytesPerSec" : 40.82038198150125,
    "sentKBytesPerSec" : 22.06037664532195
  },
  "Update character" : {
    "transaction" : "Update character",
    "sampleCount" : 2000,
    "errorCount" : 0,
    "errorPct" : 0.0,
    "meanResTime" : 10.349000000000013,
    "medianResTime" : 9.0,
    "minResTime" : 1.0,
    "maxResTime" : 56.0,
    "pct1ResTime" : 14.0,
    "pct2ResTime" : 18.0,
    "pct3ResTime" : 42.99000000000001,
    "throughput" : 178.36439846606618,
    "receivedKBytesPerSec" : 40.933235976099176,
    "sentKBytesPerSec" : 40.41068402746812
  },
  "Get all heroes" : {
    "transaction" : "Get all heroes",
    "sampleCount" : 2000,
    "errorCount" : 0,
    "errorPct" : 0.0,
    "meanResTime" : 2937.259000000004,
    "medianResTime" : 59.0,
    "minResTime" : 4.0,
    "maxResTime" : 10503.0,
    "pct1ResTime" : 8647.0,
    "pct2ResTime" : 9595.9,
    "pct3ResTime" : 10312.94,
    "throughput" : 176.50692789691996,
    "receivedKBytesPerSec" : 49.77435037176772,
    "sentKBytesPerSec" : 21.718625893566323
  },
  "Create character" : {
    "transaction" : "Create character",
    "sampleCount" : 2000,
    "errorCount" : 0,
    "errorPct" : 0.0,
    "meanResTime" : 10.706500000000025,
    "medianResTime" : 9.0,
    "minResTime" : 2.0,
    "maxResTime" : 95.0,
    "pct1ResTime" : 14.0,
    "pct2ResTime" : 18.0,
    "pct3ResTime" : 42.99000000000001,
    "throughput" : 178.09439002671414,
    "receivedKBytesPerSec" : 40.871271148708814,
    "sentKBytesPerSec" : 40.0016696349065
  }
}