{
  "Delete character" : {
    "transaction" : "Delete character",
    "sampleCount" : 100,
    "errorCount" : 0,
    "errorPct" : 0.0,
    "meanResTime" : 10.84,
    "medianResTime" : 10.0,
    "minResTime" : 3.0,
    "maxResTime" : 22.0,
    "pct1ResTime" : 15.0,
    "pct2ResTime" : 19.94999999999999,
    "pct3ResTime" : 22.0,
    "throughput" : 86.28127696289906,
    "receivedKBytesPerSec" : 20.980505823986196,
    "sentKBytesPerSec" : 17.947179680759273
  },
  "Total" : {
    "transaction" : "Total",
    "sampleCount" : 500,
    "errorCount" : 0,
    "errorPct" : 0.0,
    "meanResTime" : 52.33000000000004,
    "medianResTime" : 11.0,
    "minResTime" : 2.0,
    "maxResTime" : 271.0,
    "pct1ResTime" : 230.80000000000007,
    "pct2ResTime" : 263.0,
    "pct3ResTime" : 268.0,
    "throughput" : 409.5004095004095,
    "receivedKBytesPerSec" : 98.93593877968877,
    "sentKBytesPerSec" : 74.22194922194922
  },
  "Get hero by id" : {
    "transaction" : "Get hero by id",
    "sampleCount" : 100,
    "errorCount" : 0,
    "errorPct" : 0.0,
    "meanResTime" : 16.099999999999994,
    "medianResTime" : 15.0,
    "minResTime" : 4.0,
    "maxResTime" : 42.0,
    "pct1ResTime" : 27.900000000000006,
    "pct2ResTime" : 30.94999999999999,
    "pct3ResTime" : 41.989999999999995,
    "throughput" : 85.17887563884156,
    "receivedKBytesPerSec" : 19.547886499148213,
    "sentKBytesPerSec" : 10.56417695911414
  },
  "Update character" : {
    "transaction" : "Update character",
    "sampleCount" : 100,
    "errorCount" : 0,
    "errorPct" : 0.0,
    "meanResTime" : 9.639999999999995,
    "medianResTime" : 9.0,
    "minResTime" : 5.0,
    "maxResTime" : 21.0,
    "pct1ResTime" : 13.0,
    "pct2ResTime" : 18.94999999999999,
    "pct3ResTime" : 21.0,
    "throughput" : 85.83690987124463,
    "receivedKBytesPerSec" : 19.698900214592275,
    "sentKBytesPerSec" : 19.44742489270386
  },
  "Get all heroes" : {
    "transaction" : "Get all heroes",
    "sampleCount" : 100,
    "errorCount" : 0,
    "errorPct" : 0.0,
    "meanResTime" : 214.43999999999997,
    "medianResTime" : 230.0,
    "minResTime" : 32.0,
    "maxResTime" : 271.0,
    "pct1ResTime" : 267.0,
    "pct2ResTime" : 268.0,
    "pct3ResTime" : 270.99,
    "throughput" : 83.82229673093043,
    "receivedKBytesPerSec" : 23.165732397317687,
    "sentKBytesPerSec" : 10.314071668063704
  },
  "Create character" : {
    "transaction" : "Create character",
    "sampleCount" : 100,
    "errorCount" : 0,
    "errorPct" : 0.0,
    "meanResTime" : 10.630000000000006,
    "medianResTime" : 10.0,
    "minResTime" : 2.0,
    "maxResTime" : 23.0,
    "pct1ResTime" : 15.0,
    "pct2ResTime" : 17.0,
    "pct3ResTime" : 22.95999999999998,
    "throughput" : 85.47008547008546,
    "receivedKBytesPerSec" : 19.61471688034188,
    "sentKBytesPerSec" : 19.19738247863248
  }
}