{
  "Delete character" : {
    "transaction" : "Delete character",
    "sampleCount" : 8175,
    "errorCount" : 41,
    "errorPct" : 0.50152904,
    "meanResTime" : 110.20171253822626,
    "medianResTime" : 112.0,
    "minResTime" : 0.0,
    "maxResTime" : 370.0,
    "pct1ResTime" : 156.0,
    "pct2ResTime" : 174.0,
    "pct3ResTime" : 258.0,
    "throughput" : 156.5821984715279,
    "receivedKBytesPerSec" : 39.90717446944013,
    "sentKBytesPerSec" : 32.40697096046659
  },
  "Total" : {
    "transaction" : "Total",
    "sampleCount" : 45171,
    "errorCount" : 4027,
    "errorPct" : 8.915011,
    "meanResTime" : 2221.5253149144364,
    "medianResTime" : 102.5,
    "minResTime" : 0.0,
    "maxResTime" : 51410.0,
    "pct1ResTime" : 146.0,
    "pct2ResTime" : 31708.65000000002,
    "pct3ResTime" : 46451.990000000005,
    "throughput" : 862.0913411073153,
    "receivedKBytesPerSec" : 511.291777648291,
    "sentKBytesPerSec" : 142.05375173554785
  },
  "Get hero by id" : {
    "transaction" : "Get hero by id",
    "sampleCount" : 8329,
    "errorCount" : 58,
    "errorPct" : 0.69636214,
    "meanResTime" : 112.11850162084284,
    "medianResTime" : 113.0,
    "minResTime" : 1.0,
    "maxResTime" : 521.0,
    "pct1ResTime" : 159.0,
    "pct2ResTime" : 181.0,
    "pct3ResTime" : 271.0,
    "throughput" : 159.2634376732891,
    "receivedKBytesPerSec" : 39.18587511592443,
    "sentKBytesPerSec" : 19.614850786134962
  },
  "Update character" : {
    "transaction" : "Update character",
    "sampleCount" : 8212,
    "errorCount" : 31,
    "errorPct" : 0.37749633,
    "meanResTime" : 109.78287871407701,
    "medianResTime" : 112.0,
    "minResTime" : 3.0,
    "maxResTime" : 370.0,
    "pct1ResTime" : 156.0,
    "pct2ResTime" : 173.0,
    "pct3ResTime" : 235.8699999999999,
    "throughput" : 157.17949699498527,
    "receivedKBytesPerSec" : 37.46728218428205,
    "sentKBytesPerSec" : 35.47654964016384
  },
  "Get all heroes" : {
    "transaction" : "Get all heroes",
    "sampleCount" : 12188,
    "errorCount" : 3847,
    "errorPct" : 31.563833,
    "meanResTime" : 7934.668034131933,
    "medianResTime" : 134.0,
    "minResTime" : 3.0,
    "maxResTime" : 51410.0,
    "pct1ResTime" : 28647.100000000006,
    "pct2ResTime" : 38284.94999999998,
    "pct3ResTime" : 48036.19000000002,
    "throughput" : 232.6087371414394,
    "receivedKBytesPerSec" : 356.580771710451,
    "sentKBytesPerSec" : 19.587647849590628
  },
  "Create character" : {
    "transaction" : "Create character",
    "sampleCount" : 8267,
    "errorCount" : 50,
    "errorPct" : 0.60481435,
    "meanResTime" : 109.41272529333487,
    "medianResTime" : 112.0,
    "minResTime" : 2.0,
    "maxResTime" : 371.0,
    "pct1ResTime" : 155.0,
    "pct2ResTime" : 173.0,
    "pct3ResTime" : 232.3199999999997,
    "throughput" : 158.12627914538743,
    "receivedKBytesPerSec" : 38.56199327312982,
    "sentKBytesPerSec" : 35.30183497589947
  }
}